model	1	2	3	4	5	6	7	8	9	10	11	12	13	14	15	16	17	18	19	20	21	22	23	24	25	26	27	28	29	30	31	32	33	34	35	36	37	38	39	40	41	42	43	44	45	46	47	48	49	50	51	52	53	54	55	56	57	58	59	60	61	62	63	64	65	66	67	68	69	70	71	72	73	74	75	76	77	78	79	80	81	82	83	84	85	86	87	88	89	90	91	92	93	94	95	96	97	98	99	100	101	102	103	104	105	106	107	108	109	110	111	112	113	114	115	116	117	118	119	120	121	122	123	124	125	126	127	128	129	130	131	132	133	134	135	136	137	138	139	140	141	142	143	144	145	146	147	148	149	150	151	152	153	154	155	156	157	158	159	160	161	162	163	164	165	166	167	168	169	170	171	172	173	174	175	176	177	178	179	180	181	182	183	184	185	186	187	188	189	190	191	192	193	194	195	196	197	198	199	
rule_1	3.229688085615635	0.7736968118697405	1.3271903293207288	0.21365860383957624	0.009673715569078922	1.6562190148979425	2.490213976241648	1.092813353985548	0.6309629650786519	1.175308302976191	0.7429471490904689	6.817123378627002	7.414247501641512	0.5580272758379579	0.21709533035755157	0.9923193417489529	0.8576889093965292	0.357473511248827	1.211469647474587	0.8907276559621096	1.3641434237360954	0.9441173821687698	1.0993993701413274	1.07118487264961	1.1635449202731252	1.6260112766176462	0.8013501511886716	0.6399257835000753	0.8575656367465854	2.118091493844986	0.8133995654061437	0.1590851927176118	0.15986652206629515	0.8411376066505909	0.5170671492815018	0.45260413084179163	1.305733854882419	1.684185205027461	1.0281072789803147	2.510960881598294	0.2782245110720396	2.1526955477893353	1.5376751562580466	0.289060247130692	0.3551982147619128	0.7604664051905274	0.18932225555181503	0.6675689471885562	0.2388373576104641	0.16273271013051271	1.0510020749643445	0.8415552657097578	0.18193869665265083	1.171156132593751	0.891233460046351	0.7097997972741723	1.7028216440230608	0.8043043073266745	1.1628571739420295	0.677369961515069	0.2736916933208704	0.9228956056758761	1.6874411385506392	1.1823880970478058	0.19458892103284597	1.603706550784409	1.4029192859306931	0.6589216757565737	0.9202474458143115	0.5184068642556667	1.176936105825007	1.3224018849432468	0.9540763674303889	0.8228413760662079	0.8511184062808752	0.8325912430882454	0.6198807125911117	1.1575285391882062	1.9827566677704453	1.3374196542426944	3.0668796598911285	0.845462947152555	1.35628613922745	1.0174686396494508	2.2234263895079494	0.2203423585742712	1.1334497155621648	1.1107486262917519	1.7887786151841283	2.431903044693172	1.3675876874476671	0.787710334174335	1.0207351269200444	0.8629704862833023	1.0860866820439696	2.0720391860231757	1.241940618492663	1.192151902243495	2.176636149175465	1.1492953235283494	0.11572505254298449	0.9676031870767474	0.9033208340406418	0.1462960448116064	0.19589669909328222	0.6398060163483024	0.3520446214824915	0.7141804555431008	0.6052160449326038	0.9853234402835369	3.8126398250460625	3.967258001677692	1.072741854004562	0.2878440609201789	1.3693371396511793	1.508368487469852	0.8281924137845635	4.227791997604072	0.9478275338187814	0.7808195017278194	1.3595023779198527	1.0889831837266684	0.7582523496821523	1.1759528638795018	1.5712591670453548	0.6553219584748149	1.8725743107497692	1.1129150819033384	0.1540988413617015	1.451419360935688	1.8479024106636643	0.48754092678427696	0.9083322798833251	2.4769515972584486	0.8027284014970064	2.647538136690855	0.12732261419296265	1.033565561287105	0.13325047120451927	1.1003252463415265	1.0888275485485792	1.3107190635055304	0.7963055521249771	0.7928571403026581	0.7466339943930507	0.5320474850013852	0.6588241308927536	1.790954664349556	0.19313967134803534	0.7367575047537684	0.7465993063524365	1.55241824593395	0.8416208615526557	0.7069265935570002	0.21287239529192448	0.8456858899444342	0.6299097118899226	0.8689384032040834	1.547214307822287	4.019340863451362	0.8253924529999495	1.4612032622098923	1.3121872320771217	0.25346095860004425	0.028949777595698833	1.6815357748419046	0.5649174023419619	0.7376397745683789	1.7433169959113002	0.9833815013989806	0.9472844703122973	0.44146961346268654	0.26397971622645855	1.2491103820502758	0.17921538092195988	0.08745012525469065	0.9005108345299959	0.3505340898409486	0.5517924576997757	0.310455453582108	0.26659935247153044	0.28718060348182917	0.04188867658376694	1.0841814121231437	0.18172422423958778	2.0465834429487586	1.7087822332978249	0.8226838866248727	2.6942600402981043	0.7096819058060646	0.8296140907332301	1.0556299313902855	1.9211297370493412	1.1856954200193286	0.8837561327964067	1.6949498727917671	1.3826875146478415	0.728195964358747	0.8639753330498934	
rule_2	1.0389817506074905	0.7553902082145214	1.4828415969386697	0.22541028074920177	0.008092142641544342	1.8787002712488174	2.550051359459758	1.3799544516950846	0.7888632984831929	1.0278777135536075	0.8303704960271716	7.382062325254083	7.623527278192341	0.596571764908731	0.5777268735691905	0.7388689517974854	0.9882200304418802	0.3709309780970216	1.3785984236747026	0.8823660956695676	1.5605172337964177	1.104683170095086	1.285175446420908	0.9723346624523401	1.406997723504901	1.9896107343956828	0.6455829385668039	0.9988259924575686	0.7188324630260468	2.3315747063606977	0.69665561709553	0.15940645057708025	0.1629009023308754	0.9795626047998667	0.5618929164484143	0.5349595323204994	1.47850208170712	1.7324216095730662	1.106997087597847	1.9367626206949353	0.2830985989421606	2.4181152349337935	1.7293035769835114	0.30416502244770527	0.37125714123249054	0.8464474370703101	0.20205866638571024	0.5400808807462454	0.4792322386056185	0.17489200830459595	1.1689634872600436	0.6873407578095794	0.18593716900795698	1.3231028728187084	1.0166093772277236	0.7856614831835032	1.9087157817557454	0.8966104285791516	1.3653123434633017	0.529734767973423	0.2883616639301181	1.0319455172866583	1.827556723728776	1.3613089872524142	0.2043318571522832	1.6523318216204643	1.3245172705501318	0.9964917730540037	1.1056522745639086	0.3521995162591338	1.333932152017951	1.4533190354704857	0.7672170493751764	1.1672255555167794	0.8585394602268934	0.6979229506105185	0.8970322804525495	1.1185851311311126	1.8809390692040324	1.4278557607904077	3.008072681725025	1.25647531170398	1.2234369106590748	1.14538137242198	2.4527748599648476	0.24028714094311	0.9142502695322037	1.3007376631721854	2.184095675125718	2.3751027192920446	1.4955249913036823	0.8436251739040017	1.0774654857814312	1.1869957530871034	0.9002962522208691	2.2020572433248162	1.5402722135186195	1.0776104032993317	2.433901076205075	1.3108639623969793	0.12061990424990654	1.0547175155952573	1.0019878633320332	0.16120490059256554	0.2190928841009736	0.7255054078996181	0.37980641704052687	0.5766101330518723	0.8394220052286983	0.6486404202878475	4.048035768792033	4.100374851375818	1.1416388200595975	0.31034719198942184	1.5176327358931303	1.6311768097802997	0.9353157188743353	4.72107270359993	0.5012143272906542	0.8582501467317343	1.462777248583734	1.2277307799085975	0.8373669441789389	1.2185327531769872	1.4769719112664461	0.9850820330902934	1.7980995560064912	1.1871200213208795	0.15659211948513985	1.5339915407821536	2.0715001532807946	0.2500568898394704	1.3146200459450483	1.7620148044079542	0.8477857140824199	3.1752974279224873	0.14955166075378656	0.826481968164444	0.14552251901477575	1.296544212847948	1.2407522005960345	1.3755154348909855	0.8365143360570073	0.8368744840845466	0.8096486888825893	0.29956567101180553	0.9962761392816901	1.877129309810698	0.19918546918779612	0.7551154065877199	0.7932337578386068	1.6065428424626589	0.8579444857314229	0.7762833973392844	0.2291471976786852	0.6554864291101694	0.9290869310498238	0.9345840560272336	1.5737440092489123	3.6253222208470106	1.2760068560019135	1.476317698135972	1.4561101915314794	0.27183382026851177	0.03131623566150665	1.64036800339818	0.5622811401262879	0.7837055353447795	1.8309629149734974	1.0965604847297072	1.005667726509273	0.4837357886135578	0.28379944525659084	1.322494096122682	0.19237865693867207	0.09464759286493063	0.9933651266619563	0.365747663192451	0.35932306479662657	0.5681562768295407	0.28829930536448956	0.3005951140075922	0.04376297164708376	1.2021645279601216	0.18985310476273298	2.2231313176453114	1.5418115630745888	1.192359016276896	2.4691004548221827	0.744791611097753	1.1330684684216976	0.8882945124059916	2.3347623702138662	0.9979025395587087	1.3288079472258687	1.7888055918738246	1.5019446592777967	0.4581831870600581	1.2756697060540318	
rule_3	0.7689366331323981	1.0712892757728696	1.5395703995600343	0.2159834075719118	0.008470909669995308	1.774890761822462	2.6478528240695596	1.471711153164506	0.5418692752718925	1.3363103978335857	0.6262304671108723	7.302089198492467	7.765011558309197	0.6299907984212041	0.23999340925365686	1.1806767536327243	0.7570519493892789	0.626732693053782	1.351312778890133	0.8591746184974909	1.5548644363880157	1.1713583450764418	0.9674553861841559	1.3116582911461592	1.3797806361690164	1.7584134843200445	0.6494565289467573	1.0087996674701571	0.6578161735087633	2.3720338763669133	0.6906637223437428	0.158601813018322	0.1701430482789874	1.0149001516401768	0.49888006038963795	0.534916715696454	1.5649895472452044	1.7713832398876548	0.839513735845685	2.2755588591098785	0.2955706873908639	2.1862296843901277	1.6947762575000525	0.6288956664502621	0.3860515793785453	0.49670885410159826	0.2027062401175499	0.8621334051713347	0.257073606364429	0.18339771125465631	1.209702997468412	0.9486134527251124	0.21282043121755123	1.4038178669288754	0.7790263146162033	1.0622676825150847	1.7115265624597669	0.8590307366102934	1.3545748386532068	0.5211166925728321	0.28851325158029795	1.0461587999016047	1.5824753185734153	1.381180403754115	0.20498436130583286	2.022058022208512	1.44204106554389	0.7551587987691164	1.089464496821165	0.3321511363610625	1.2764030154794455	1.703926656395197	0.7680593738332391	1.1493649575859308	0.6953631564974785	0.9616004722192883	0.8943307986482978	1.2937871664762497	1.8359750723466277	1.4795414116233587	3.029667097143829	1.2759297816082835	1.2290359968319535	1.2141399988904595	2.515723998658359	0.232956706546247	0.9694532519206405	1.270347642712295	2.197042112238705	2.362741207703948	1.494313615374267	0.8279769839718938	1.1267967317253351	1.1873348727822304	0.9409107016399503	2.2338866870850325	1.2974063269793987	1.3686245698481798	2.394820854999125	0.987170122563839	0.12084719352424145	1.3259799601510167	0.8923261174932122	0.15908285044133663	0.21107446681708097	0.4559158682823181	0.654408578760922	0.5723269516602159	0.8656422263011336	0.6448844615370035	4.349065239541233	3.7582973139360547	1.5230022817850113	0.5638637226074934	0.9891053875908256	1.900920889340341	0.639852050691843	4.555251848883927	0.48508232180029154	1.5063180914148688	1.1881928155198693	1.2093880055472255	1.1339138690382242	0.9934148695319891	1.4859273554757237	1.010589174926281	2.0243593053892255	0.9259819183498621	0.16464199218899012	1.7665122272446752	2.0577236004173756	0.25430181063711643	1.3689113780856133	1.5203767362982035	1.1827397672459483	2.6663716062903404	0.14649618323892355	1.1056616306304932	0.15350126009434462	1.1935110045596957	1.1928025661036372	1.3862472902983427	0.8593530505895615	0.8355012070387602	0.8108821529895067	0.5753425797447562	0.7554083364084363	1.6593800820410252	0.4707735376432538	0.8171701934188604	0.8031335640698671	1.648723573423922	0.9098806213587523	0.7711076540872455	0.24176716338843107	0.6530819972977042	0.940339982509613	0.9333543907850981	1.6366777447983623	4.1685560485348105	0.8702266020700336	1.5388223873451352	1.4122628159821033	0.2722839489579201	0.031061306595802307	1.8088973499834538	0.6078496146947145	0.5245489366352558	2.033996202982962	1.0445462418720126	0.9659071797505021	0.16536168940365314	0.5978956641629338	1.2684240080416203	0.18491230718791485	0.09456999599933624	0.9735745498910546	0.3692525355145335	0.580218699760735	0.3185447817668319	0.28732483368366957	0.5310198208317161	0.04366576671600342	0.9702971074730158	0.41386812925338745	2.239924678578973	1.513264906592667	0.8621287066489458	2.608166664838791	0.7423905162140727	1.0601703142747283	0.8257707012817264	2.3277733335271478	0.951297271065414	1.295077501796186	1.5999633194878697	1.4978893203660846	0.4588722409680486	1.2274350505322218	
rule_4	0.5000193957239389	0.8454139837995172	1.2025761771947145	0.2131950045004487	0.01217858586460352	1.2926117973402143	2.3166300440207124	1.0919366031885147	0.6961708441376686	0.6969325831159949	0.7643532389774919	7.07230088673532	7.249388691969216	0.4386785589158535	0.5496264547109604	0.5555659020319581	0.8279269961640239	0.34834614396095276	1.1134128980338573	0.8591578118503094	1.1419598180800676	0.5048483218997717	0.9856651518493891	0.651777558028698	1.2667205203324556	1.349126098677516	0.8690807176753879	0.5591179393231869	0.8101969687268138	1.4970041895285249	0.8083783704787493	0.11102164071053267	0.11371296737343073	0.7923140367493033	0.33237032778561115	0.2781541747972369	1.180483459495008	1.2121337726712227	1.01218521874398	1.7751764236018062	0.2524206805974245	1.7212939830496907	1.312371644191444	0.26166768185794353	0.6946270884945989	0.39848304353654385	0.13581642881035805	0.7088827760890126	0.17537247203290462	0.11609575990587473	0.8867632392793894	0.9468431388959289	0.12450023647397757	0.9486664505675435	0.5314719956368208	0.8867661049589515	1.3540116529911757	0.5710159242153168	1.0032210787758231	0.3402551729232073	0.19475265685468912	0.8289629835635424	1.413265211507678	1.0430945195257664	0.20621358416974545	1.6906220465898514	1.16907253023237	0.5515170469880104	0.9497815687209368	0.3279063617810607	1.0433951541781425	1.4527834076434374	0.5686974814161658	1.0116466991603374	0.5295473746955395	0.7355769891291857	0.6932219071313739	0.6983066312968731	1.7254827907308936	0.8467975640669465	3.1038178326562047	0.5848856316879392	1.209515861235559	0.8745600981637836	1.7049459805712104	0.549148490652442	0.5422593923285604	0.9975013025105	1.661369631998241	2.1318167839199305	0.7763182995840907	1.0152176842093468	0.5468476554378867	1.0288847172632813	0.9026176976040006	1.8258843384683132	1.146840462461114	1.0060465149581432	1.8217997401952744	0.639378541149199	0.13962743058800697	1.141296248883009	0.7328594652935863	0.10237751994282007	0.13288894202560186	0.39865570701658726	0.6126298876479268	0.4390248190611601	0.7060067830607295	0.43907154351472855	3.6193333799019456	3.576306628063321	1.2106741843745112	0.2704285830259323	0.9551761960610747	1.4047744162380695	0.49393405206501484	4.759502668865025	0.3881561132147908	0.5938286371529102	1.1461906051263213	1.326718027703464	0.6122065521776676	1.1043168101459742	1.237292693927884	0.525198726914823	1.7625349070876837	0.9500314788892865	0.10888142790645361	1.25317585747689	1.5430035581812263	0.24687209259718657	0.983014490455389	1.6502427300438285	0.5640074415132403	2.299585052765906	0.09383570030331612	0.8397162519395351	0.10274439677596092	0.9308584583923221	0.65496785659343	1.0570261282846332	0.8883238974958658	0.3959624329581857	0.9149917084723711	0.2699417620897293	0.9181640334427357	1.354903201572597	0.123545634560287	0.8703869478777051	0.3990480601787567	1.3850315222516656	0.86660972610116	0.3164937300607562	0.14539662189781666	0.8171336026862264	0.5142743308097124	0.8306084610521793	1.3693963699042797	3.3898948254063725	1.0076148249208927	1.0302964923903346	1.199899772182107	0.18502759281545877	0.020037167705595493	1.2362256944179535	0.4153427602723241	0.7079073544591665	1.3850600607693195	1.0137645862996578	0.8797627650201321	0.4720723768696189	0.25565469078719616	1.149189135991037	0.11257468536496162	0.059490540996193886	0.7455756617709994	0.3289072625339031	0.3217471605166793	0.6128419600427151	0.2703277673572302	0.2487726230174303	0.034579869359731674	0.8819371750578284	0.20183302089571953	1.9783398173749447	1.3876371933147311	1.1395854260772467	2.1752498177811503	1.017904605716467	0.782432809472084	0.5698817493394017	1.6856990437954664	0.6450050827115774	0.9820677181705832	1.3330544037744403	1.1069309916347265	0.41650082543492317	0.9150523189455271	
rule_5	1.0151226976886392	0.9027817128226161	1.9268112126737833	0.21353906858712435	0.011629524640738964	1.8255528043955564	2.8036281149834394	1.0992761151865125	0.8610063949599862	1.4467358319088817	0.779487662948668	7.580903513357043	7.492817010730505	0.9001653864979744	0.22483059018850327	0.834824476391077	1.1110649593174458	0.3666693679988384	1.5452481303364038	1.214825201779604	1.653739970177412	1.078833737410605	1.5055073536932468	1.4407429192215204	1.5185543140396476	1.9394957786425948	0.9551048744469881	0.6908464273437858	0.9606042830273509	2.265496884472668	1.0967824691906571	0.16573705710470676	0.15711671020835638	0.8351812520995736	0.9937837952747941	0.327086815610528	1.5481576155871153	1.9904883932322264	0.8698954554274678	2.231498866342008	0.2728639664128423	2.439183604903519	1.8197529008612037	0.2972746128216386	0.3653783667832613	0.8425347786396742	0.19303220976144075	0.5274984203279018	0.4325896129012108	0.162649299018085	1.3203127086162567	0.6733066746965051	0.47986344434320927	1.3741246974095702	0.8422272149473429	1.122518042102456	1.742867766879499	1.0288700414821506	1.4215465690940619	0.8247770937159657	0.2853991659358144	0.7579639153555036	1.8543166127055883	1.5148956254124641	0.20005162432789803	2.0135408444330096	1.2970267860218883	1.0334454840049148	0.8734338004142046	0.6028473414480686	1.0853600483387709	1.8019932191818953	0.8458876591175795	1.1677128169685602	0.9026542045176029	0.7196901487186551	0.9402335397899151	0.9571621455252171	2.2914651492610574	1.663938439451158	3.0539437159895897	1.372789024375379	1.799884700216353	1.0383565183728933	2.582583767361939	0.46545447688549757	1.1284498367458582	1.4877237481996417	2.3037357479333878	2.5807677768170834	1.7087260307744145	1.3655724730342627	0.7983256038278341	1.2613510079681873	1.3585246680304408	2.245866903103888	1.2996767666190863	1.0822081360965967	2.4086317103356123	1.3180108852684498	0.1175218028947711	1.1199455317109823	0.972410386428237	0.1415793914347887	0.203969344496727	0.6857195068150759	0.37214078288525343	0.8387372493743896	0.6497700121253729	1.0191800128668547	3.7995586302131414	3.721223160624504	1.6047977739945054	0.2902349242940545	1.435755280777812	1.962981372140348	0.7387760039418936	4.795497011393309	0.5007715336978436	0.9180735955014825	1.5948999663814902	1.2253160532563925	1.0913433376699686	1.3048794893547893	1.457350921817124	0.70856255851686	2.1038490245118737	1.207091243006289	0.1477244533598423	1.5944765796884894	2.1716745011508465	0.24928174167871475	1.344938576221466	1.6436059949919581	1.2692036544904113	2.739229210652411	0.1262182304635644	1.1698660235852003	0.14585953298956156	1.432185203768313	1.3207392413169146	1.4965080823749304	0.966344028711319	0.7928979117423296	1.0066691907122731	0.3113195765763521	1.0193305779248476	1.6455314913764596	0.2065784204751253	1.1354156602174044	0.6117292623966932	1.6698963837698102	1.3073727050796151	0.4935509590432048	0.5670562386512756	0.6757485959678888	0.933431887999177	0.7136209821328521	1.588712123222649	3.908537346869707	1.2419325606897473	1.69704685267061	1.5493178209289908	0.27946661692112684	0.029790572822093964	1.6068909596651793	0.8553285840898752	0.5278356745839119	1.8476542364805937	1.1145761515945196	1.2976800203323364	0.16621078923344612	0.2603929052129388	1.5609611440449953	0.19908646680414677	0.09688046108931303	0.814111596904695	0.658407268114388	0.3456065161153674	0.3046725057065487	0.48060133773833513	0.2953482950106263	0.03894292004406452	1.2535040080547333	0.17884064372628927	2.1676882971078157	1.8245583083480597	0.8544160099700093	2.5639405604451895	0.7647265754640102	1.0893071005120873	1.1238038977608085	2.2033087722957134	1.420253918506205	1.0381946247071028	2.0218761125579476	1.502948152832687	0.6780312694609165	1.0388332791626453	
rule_6	1.1958756735548377	1.055051720701158	1.6073497962206602	0.2714966256171465	0.010693151503801346	1.9778474727645516	2.465869475156069	1.4107308825477958	0.8247868558391929	1.1752716451883316	1.0229112142696977	7.4716817969456315	7.803115226328373	0.9442882761359215	0.23946379590779543	0.7798155006021261	1.206596146337688	0.43302823696285486	1.5298075582832098	1.09409998357296	1.6156438663601875	1.2447468833997846	1.0957951862365007	1.4083236502483487	1.4898460172116756	2.082007276825607	0.720309991389513	1.0692051649093628	0.9700895454734564	2.346903646364808	0.8008218472823501	0.21386583987623453	0.21343709994107485	1.1846575029194355	0.5342447478324175	0.5415164604783058	1.5409144153818488	1.9295614510774612	1.1568703530356288	2.1575497295707464	0.35526514519006014	2.2881177505478263	1.7206332385540009	0.6386522855609655	0.44522804860025644	0.5160382026806474	0.5019739912822843	0.5947659518569708	0.2928290981799364	0.4250495797023177	1.1838296167552471	0.9166586082428694	0.204422015696764	1.4420282235369086	0.8874331144616008	1.1653861738741398	1.6775756375864148	1.2335262959823012	1.1201913300901651	0.9743240643292665	0.34766379557549953	1.020457662642002	1.776330091059208	1.2483136961236596	0.5100436517968774	1.6326876785606146	1.2898990483954549	1.0359320612624288	1.1133417254313827	0.35235406178981066	1.3396196672692895	1.4525016890838742	1.182635880075395	0.9411161309108138	1.038816741667688	0.9622574057430029	0.6735091246664524	1.1371879829093814	2.1510284123942256	1.5598627142608166	3.050198188982904	1.3499851245433092	1.737121606245637	1.0116210915148258	2.568637164309621	0.23451198171824217	1.2319918889552355	1.3165458012372255	1.9358206177130342	2.7631361400708556	1.58096145093441	0.9827215895056725	1.2441214052960277	1.1335279755294323	1.3140092883259058	2.2573005575686693	1.318452942185104	1.1452069440856576	2.303252044133842	1.4470508629456162	0.12413742393255234	1.3543757144361734	0.773152431473136	0.15022904705256224	0.21333749685436487	0.7970438105985522	0.386085438542068	0.8957778345793486	0.6593093052506447	1.0005893390625715	4.505158449523151	3.6875741528347135	1.5409244187176228	0.6043167747557163	1.163176397792995	1.9220212874934077	0.746070409193635	4.7023756159469485	0.500609184615314	1.45897925645113	1.2592347105965018	1.323583229444921	0.8634398654103279	1.2527483822777867	1.518038621172309	1.0934371184557676	1.7985645616427064	1.2043318450450897	0.16365157905966043	1.6959852520376444	2.0905555207282305	0.30715122912079096	1.509002990089357	1.6402054382488132	1.225868140347302	2.721039750613272	0.37844668701291084	1.030111781321466	0.15369246155023575	1.3759004129096866	1.3758697537705302	1.542130840010941	1.239464282989502	0.5598304541781545	1.1809742022305727	0.3191746436059475	1.1456471318379045	1.7601877367123961	0.48611111007630825	0.8433635029941797	0.7560611758381128	1.6617230800911784	0.9154365221038461	0.8945339033380151	0.2496543601155281	0.7286323681473732	1.0153247090056539	1.0022523803636432	1.5880362903699279	3.822461349889636	1.1695397989824414	1.3716411013156176	1.7169475108385086	0.3387378705665469	0.03220697585493326	1.6643763072788715	0.8084495300427079	0.593586458824575	2.141411163844168	0.8488683635368943	1.3436110550537705	0.4112600265070796	0.339772729203105	1.4037663787603378	0.4503672569990158	0.09660275466740131	0.8545529833063483	0.6471679843962193	0.40198258217424154	0.6209399309009314	0.3337941179051995	0.35458019468933344	0.044300214387476444	1.2456619059666991	0.4159893924370408	2.2270538229495287	1.563222342170775	1.2155895372852683	2.530397867783904	1.0324220610782504	0.6514894617721438	1.198764598928392	2.0658764019608498	1.3074375335127115	0.998115043155849	2.053212949074805	1.477138690650463	0.5196651071310043	1.391263583675027	
rule_7	0.9042844567447901	1.2919396860525012	1.694572364911437	0.22812364902347326	0.008631445467472076	2.025211145170033	2.5868991976603866	1.6314654732123017	0.6695224121212959	1.4904437065124512	0.9832206908613443	7.4972602762281895	7.90657570399344	0.6691599860787392	0.253501215018332	1.2073090951889753	0.859888132661581	0.6129477825015783	1.5281186159700155	1.0333432359620929	1.7354648606851697	1.27693422883749	1.4024552712216973	1.4067645454779267	1.519496819935739	1.9699348481371999	0.708033517934382	1.0429154802113771	1.042978153564036	2.6563703743740916	0.7941958233714104	0.1834691073745489	0.17512920778244734	1.0657797185704112	0.5795931247994304	0.6404079282656312	1.6723755076527596	1.888293175958097	1.1642136741429567	2.2726084599271417	0.3202594444155693	2.576904708519578	1.9961473569273949	0.3274566773325205	0.7261895556002855	0.5657169315963984	0.2200161349028349	0.9705535508692265	0.3711306508630514	0.3760109832510352	1.3741315444931388	0.8664632877334952	0.22411012090742588	1.4433792950585485	1.1879552034661174	1.161093677394092	1.8329091286286712	1.0118671115487814	1.4497145488858223	0.7817197106778622	0.32201258558779955	1.0725773200392723	1.8478752337396145	1.2538347579538822	0.5222775964066386	1.8123476756736636	1.3712926199659705	1.0601156633347273	1.091690349392593	0.35799851920455694	1.631408965215087	1.5938330572098494	0.8537901882082224	1.2928692288696766	0.9270956991240382	1.0300415745005012	0.8027144437655807	1.3101773783564568	2.3797527849674225	1.6401821076869965	3.1049114912748337	1.3428172608837485	1.766377929598093	0.9881167449057102	2.7875897474586964	0.31038432754576206	1.4047182379290462	1.3234627908095717	2.32754722610116	2.706441842019558	1.6180275734513998	1.2252570502460003	1.1620935630053282	1.0311193466186523	1.288758473470807	2.2781801717355847	1.362671690993011	1.477768974378705	2.5055246464908123	1.3691246900707483	0.12705275416374207	1.4563524862751365	0.9678563391789794	0.24882417730987072	0.31285888608545065	0.5637960396707058	0.7554238736629486	0.6485793106257915	0.9697885112836957	0.9211336225271225	4.025630473159254	4.060281650163233	1.7445440599694848	0.3364979103207588	1.4496087487787008	1.9964410746470094	0.7184628574177623	4.511551056988537	1.0648574195802212	1.2196338446810842	1.2291486505419016	1.2651032134890556	1.1573569029569626	1.128722719848156	1.7433663196861744	0.8062775889411569	2.1781141692772508	1.3145282147452235	0.1720056077465415	1.6394024956971407	2.6379726072773337	0.2761272517964244	1.5156258726492524	1.918650345876813	0.9400573642924428	3.0999003620818257	0.26181117445230484	0.9360574902966619	0.2594558233395219	1.4310430884361267	1.3233985221013427	1.4698965065181255	1.2012731293216348	0.5800673728808761	1.128966175019741	0.5983958998695016	0.8573434567078948	2.00942927505821	0.24085582699626684	1.1456318898126483	0.6473203478381038	1.934073164127767	1.0741551257669926	0.8267939584329724	0.40873248130083084	0.7595140300691128	1.0481486357748508	1.0072564976289868	1.7464263057336211	4.290143937803805	1.2711621886119246	1.728206460364163	1.486433076672256	0.3130404856055975	0.03404369670897722	1.7030638940632343	0.9348430093377829	0.6065410878509283	2.131803711876273	1.141326891258359	1.3197746649384499	0.24443085305392742	0.31732298620045185	1.392082553356886	0.4347828673198819	0.10811388678848743	0.8348111053928733	0.591612053103745	0.3732280721887946	0.5398293295875192	0.3050225106999278	0.3177146799862385	0.1022588349878788	1.3389032669365406	0.3672083877027035	2.2571994503960013	1.5571657791733742	1.1782282646745443	2.551945717073977	1.1850622249767184	0.7946870177984238	1.2325394954532385	2.563126274384558	1.1795223196968436	1.3330969158560038	1.8362545985728502	1.558585205115378	0.7136014103889465	1.2742150444537401	
rule_8	0.951631486415863	0.7624155972152948	1.6068905321881175	0.20487378723919392	0.008562027476727962	1.6457860646769404	2.6275673983618617	1.386426947079599	0.5227030320093036	1.2392110917717218	0.8214906072244048	7.388504523783922	7.367031495086849	0.9675062671303749	0.2273130202665925	1.0481731873005629	0.7449609115719795	0.5648956093937159	1.2986442102119327	1.057379836216569	1.4877602672204375	0.8321139579638839	1.1987599823623896	1.1974580958485603	1.3072736514732242	1.6629250859841704	0.8881683368235826	0.6691761109977961	1.019213592633605	2.2958876555785537	0.6684515420347452	0.15255980473011732	0.1529496107250452	1.0048496397212148	0.6857069367542863	0.28838503267616034	1.4979654233902693	1.6681099999696016	1.0134751060977578	2.0511097190901637	0.2694514887407422	2.262844819575548	1.6448090504854918	0.5740893986076117	0.36341203283518553	0.4945576759055257	0.44294158462435007	0.5138242486864328	0.23014939203858376	0.3660639487206936	0.918250260874629	0.8490410577505827	0.406742837280035	1.174001706764102	0.7687967773526907	0.9884109674021602	1.598524484783411	1.1200159154832363	1.504203130491078	0.49521960504353046	0.27052495907992125	0.9689380414783955	1.6864024372771382	1.2716928394511342	0.1952457409352064	1.81783989071846	1.278200407512486	0.9459044551476836	0.9812404662370682	0.3322213226929307	1.2308934023603797	1.4658802952617407	1.0326120853424072	1.1184328803792596	0.8917298475280404	0.6811618721112609	0.8876075213775039	1.1448589991778135	1.8608439527451992	1.4308849088847637	3.2393277706578374	0.9269836517050862	1.4925260338932276	1.058887554332614	2.213018420152366	0.5031749783083797	0.9696682058274746	1.2426559245213866	1.893664107657969	2.6635562665760517	1.508939826861024	0.8243002453818917	1.1185416709631681	0.9083686089143157	1.1368020754307508	2.188530561514199	1.267824630253017	1.3378103580325842	2.1147118490189314	1.2564478199929	0.11604042537510395	1.3198309494182467	0.8506349353119731	0.15110286511480808	0.19743731152266264	0.43434970267117023	0.36952123790979385	0.8263548016548157	0.6028753565624356	0.8457388337701559	3.686065362766385	3.7402253337204456	1.5551255522295833	0.542723591439426	0.9760419828817248	1.8774018352851272	0.6160812461748719	4.5082894982770085	0.47756574023514986	1.3922427287325263	1.1785004595294595	1.1959272529929876	1.1104092029854655	1.0337967984378338	1.4236787455156446	0.9342329818755388	2.030541505664587	0.9067873517051339	0.148062689229846	1.7705357940867543	2.042494796216488	0.2469955598935485	1.3216438591480255	1.8846637662500143	0.8681344110518694	3.1141177816316485	0.13075176812708378	0.7616031477227807	0.13427327387034893	1.3023649444803596	1.213454789482057	1.3393233809620142	0.7995015243068337	0.7684887461364269	0.7946110730990767	0.5633220262825489	0.6935947863385081	1.8474318841472268	0.20569562911987305	0.7688974570482969	0.8570042308419943	1.5812078807502985	1.0923401415348053	0.47622603736817837	0.22208138927817345	0.9296879414469004	0.6686787204816937	0.8995519112795591	1.5852574622258544	3.796741586178541	0.8512032208964229	1.4665454421192408	1.3355062939226627	0.5440881093963981	0.029128044843673706	1.4941957667469978	0.5489877397194505	0.7326869191601872	1.7138923667371273	1.0558431940153241	1.2534462260082364	0.16227539628744125	0.2731782179325819	1.292340986430645	0.16970649175345898	0.0920566488057375	0.9448478138074279	0.348154092207551	0.5403046198189259	0.3052377523854375	0.2655503321439028	0.5190558414906263	0.040183188393712044	1.1734924232587218	0.18238259572535753	2.154580765403807	1.4899318255484104	1.13928128965199	2.3848053589463234	0.7304634051397443	1.0731645487248898	1.055592119693756	2.060062764212489	0.9203622033819556	1.2466240748763084	1.7278400380164385	1.4129096446558833	0.7075808197259903	0.8797114668413997	
rule_9	1.2046624012291431	1.1641696020960808	1.7614252250641584	0.1846962422132492	0.008357824757695198	2.1484919348731637	2.928216017782688	1.308652674779296	0.9705450246110559	1.4431669125333428	0.7352040829136968	7.847062218002975	7.85927673522383	1.0953845046460629	0.2023154068738222	0.9001251477748156	1.2390895141288638	0.3666577124968171	1.6023870846256614	1.2610936490818858	1.9258055770769715	1.4053917527198792	1.1688892217352986	1.4864604594185948	1.558894982561469	2.3712749732658267	0.734122178517282	1.0240823226049542	1.1473852945491672	2.895558649674058	1.0539164012297988	0.13001338671892881	0.13653307408094406	0.9336619218811393	1.0128706181421876	0.36144946701824665	1.8179378882050514	1.9697651201859117	1.2485878821462393	2.573913552798331	0.27572717145085335	2.885269553400576	2.143060795031488	0.277217922732234	0.3714784039184451	0.5437304833903909	0.5574407037347555	0.5771196447312832	0.21175352483987808	0.14149324502795935	1.3863188633695245	0.8360762819647789	0.20180365070700645	1.564751861616969	1.1766482330858707	0.9436706034466624	2.220664881169796	1.1535880789160728	1.545167587697506	0.5157830556854606	0.5174586810171604	0.8394273510202765	1.8081050086766481	1.6388681828975677	0.18739220313727856	1.863496070727706	1.7009526854380965	0.9809331381693482	1.204886332154274	0.33224135637283325	1.4371418682858348	1.9616609765216708	1.1253507882356644	1.3360890997573733	0.6730807544663548	1.0152218537405133	0.7199645461514592	1.2538228575140238	2.6153754955157638	1.7730179904028773	3.142241862602532	1.1947635868564248	2.0336398873478174	1.3025309732183814	2.8934278525412083	0.2087374608963728	1.5187436807900667	1.6001943871378899	2.154388813301921	3.41746193356812	1.5345362750813365	1.3907297058030963	1.2715603038668633	1.313006711192429	1.1777602257207036	2.3496010890230536	1.4162832722067833	1.602840949781239	2.66063420008868	1.4410506198182702	0.11539523303508759	1.6953012002632022	0.6755166910588741	0.11931587476283312	0.1719060717150569	0.6593924229964614	0.3914950964972377	0.7839859826490283	0.6884485669434071	0.8752509616315365	4.677927200682461	4.039455419406295	1.8102059308439493	0.2844669967889786	1.5339482817798853	2.0587591137737036	0.6835624082013965	4.659543662331998	1.129990472458303	0.9954850850626826	1.3316264431923628	1.3090523621067405	1.2638430837541819	1.5235229590907693	1.376985626295209	1.110850339755416	2.041307399980724	1.3400362767279148	0.13920407835394144	1.614404753781855	3.082377259619534	0.22668288461863995	1.236883851699531	2.0481744296848774	1.4031230248510838	2.970463063567877	0.3905299613252282	0.8719776989892125	0.10706770326942205	1.5222062729299068	1.3843155344948173	1.6562360022217035	0.9583850866183639	0.8428348079323769	0.8724800776690245	0.546138608828187	0.8778888862580061	2.080187308602035	0.21101196575909853	1.223329464904964	0.6574081471189857	1.5529244234785438	1.3186206184327602	0.5148435793817043	0.24881256371736526	1.0468955654650927	1.029689159244299	0.8204728774726391	2.063583727926016	3.6922851661220193	1.333973716944456	1.9969050521031022	1.6469137081876397	0.29283574875444174	0.026744513772428036	1.8965058103203773	0.9410669477656484	0.606244676746428	2.3518948135897517	0.8436733428388834	1.3307530917227268	0.16688200272619724	0.5083819357678294	1.2413173569366336	0.19442760292440653	0.10517990496009588	1.1800568411126733	0.349610329605639	0.3357249051332474	0.5272097084671259	0.24922219291329384	0.3005076302215457	0.03225779999047518	1.5545401833951473	0.36649418622255325	2.136072992347181	1.8375991554930806	0.8459681933745742	2.706780018284917	0.8534795623272657	1.1574832126498222	1.318422321230173	2.8070418564602733	1.439512399956584	1.4412405770272017	2.1202468490228057	1.659283272922039	0.48201650287956	1.4037124449387193	
